Designator,Val,Package,Mid X,Mid Y,Rotation,Layer
C1,10uF,C_0805_2012Metric_Pad1.18x1.45mm_HandSolder,38.1,-21.43125,0,bottom
C2,10uF,C_0805_2012Metric_Pad1.18x1.45mm_HandSolder,47.625,-22.225,90,bottom
C3,10uF,C_0805_2012Metric_Pad1.18x1.45mm_HandSolder,50.00625,-22.225,90,bottom
C4,22pF,C_0805_2012Metric_Pad1.18x1.45mm_HandSolder,129.86875,-124.61875,0,bottom
C5,22pF,C_0805_2012Metric_Pad1.18x1.45mm_HandSolder,129.86875,-127.79375,0,bottom
C6,1uF,C_0805_2012Metric_Pad1.18x1.45mm_HandSolder,114.3,-115.8875,90,bottom
C7,10uF,C_0805_2012Metric_Pad1.18x1.45mm_HandSolder,117.475,-116.68125,180,bottom
C8,100nF,C_0805_2012Metric_Pad1.18x1.45mm_HandSolder,103.98125,-130.175,90,bottom
C9,100nF,C_0805_2012Metric_Pad1.18x1.45mm_HandSolder,119.0625,-134.14375,0,bottom
C10,100nF,C_0805_2012Metric_Pad1.18x1.45mm_HandSolder,123.03125,-121.44375,0,bottom
C11,100nF,C_0805_2012Metric_Pad1.18x1.45mm_HandSolder,103.98125,-121.44375,-90,bottom
C12,100nF,C_0805_2012Metric_Pad1.18x1.45mm_HandSolder,106.3625,-118.26875,180,bottom
C14,100uF,C_Elec_6.3x5.4,304.00625,-85.725,-90,bottom
D1,D,D_SOD-123,17.4625,-26.9875,90,bottom
D2,D,D_SOD-123,57.15,-26.9875,90,bottom
D3,D,D_SOD-123,76.99375,-26.9875,90,bottom
D4,D,D_SOD-123,96.8375,-26.9875,90,bottom
D5,D,D_SOD-123,116.68125,-26.925,90,bottom
D6,PRTR5V0U2X,SOT-143,42.8625,-22.225,180,bottom
D7,D,D_SOD-123,146.05,-26.9875,90,bottom
D8,D,D_SOD-123,165.89375,-26.9875,90,bottom
D9,D,D_SOD-123,185.7375,-26.9875,90,bottom
D10,D,D_SOD-123,205.58125,-26.9875,90,bottom
D11,D,D_SOD-123,234.95,-26.9875,90,bottom
D12,D,D_SOD-123,254.79375,-26.9875,90,bottom
D13,D,D_SOD-123,274.6375,-26.9875,90,bottom
D14,D,D_SOD-123,294.48125,-26.9875,90,bottom
D15,D,D_SOD-123,318.29375,-26.9875,90,bottom
D16,D,D_SOD-123,17.4625,-50.8,90,bottom
D17,D,D_SOD-123,37.30625,-50.8,90,bottom
D18,D,D_SOD-123,57.15,-50.7375,90,bottom
D19,D,D_SOD-123,76.99375,-50.8,90,bottom
D20,D,D_SOD-123,96.8375,-50.8,90,bottom
D21,D,D_SOD-123,116.68125,-50.8,90,bottom
D22,D,D_SOD-123,136.525,-50.7375,90,bottom
D23,D,D_SOD-123,156.36875,-50.7375,90,bottom
D24,D,D_SOD-123,176.2125,-50.7375,90,bottom
D25,D,D_SOD-123,196.05625,-50.7375,90,bottom
D26,D,D_SOD-123,215.9,-50.8,90,bottom
D27,D,D_SOD-123,235.74375,-50.8,90,bottom
D28,D,D_SOD-123,255.5875,-50.7375,90,bottom
D29,D,D_SOD-123,284.95625,-50.8,90,bottom
D30,D,D_SOD-123,318.29375,-50.8,90,bottom
D31,D,D_SOD-123,22.225,-70.64375,90,bottom
D32,D,D_SOD-123,46.83125,-70.64375,90,bottom
D33,D,D_SOD-123,66.675,-70.64375,90,bottom
D34,D,D_SOD-123,85.725,-70.64375,90,bottom
D35,D,D_SOD-123,106.3625,-70.58125,90,bottom
D36,D,D_SOD-123,126.20625,-70.58125,90,bottom
D37,D,D_SOD-123,146.05,-70.64375,90,bottom
D38,D,D_SOD-123,165.89375,-70.64375,90,bottom
D39,D,D_SOD-123,185.7375,-70.70625,90,bottom
D40,D,D_SOD-123,205.58125,-70.64375,90,bottom
D41,D,D_SOD-123,225.425,-70.70625,90,bottom
D42,D,D_SOD-123,245.26875,-70.64375,90,bottom
D43,D,D_SOD-123,265.1125,-70.58125,90,bottom
D44,D,D_SOD-123,289.71875,-70.58125,90,bottom
D45,D,D_SOD-123,318.29375,-70.64375,90,bottom
D46,D,D_SOD-123,24.60625,-90.4875,90,bottom
D47,D,D_SOD-123,51.59375,-90.55,90,bottom
D48,D,D_SOD-123,71.4375,-90.4875,90,bottom
D49,D,D_SOD-123,91.28125,-90.4875,90,bottom
D50,D,D_SOD-123,111.125,-90.4875,90,bottom
D51,D,D_SOD-123,130.96875,-90.4875,90,bottom
D52,D,D_SOD-123,150.8125,-90.4875,90,bottom
D53,D,D_SOD-123,170.65625,-90.4875,90,bottom
D54,D,D_SOD-123,190.5,-90.4875,90,bottom
D55,D,D_SOD-123,210.34375,-90.4875,90,bottom
D56,D,D_SOD-123,230.1875,-90.4875,90,bottom
D57,D,D_SOD-123,250.03125,-90.4875,90,bottom
D58,D,D_SOD-123,281.78125,-90.4875,90,bottom
D59,D,D_SOD-123,297.65625,-115.09375,90,bottom
D61,D,D_SOD-123,29.36875,-110.33125,90,bottom
D62,D,D_SOD-123,61.11875,-110.33125,90,bottom
D63,D,D_SOD-123,80.9625,-110.33125,90,bottom
D64,D,D_SOD-123,100.80625,-110.33125,90,bottom
D65,D,D_SOD-123,120.65,-110.33125,90,bottom
D66,D,D_SOD-123,140.49375,-110.33125,90,bottom
D67,D,D_SOD-123,160.3375,-110.33125,90,bottom
D68,D,D_SOD-123,180.18125,-110.33125,90,bottom
D69,D,D_SOD-123,200.025,-110.33125,90,bottom
D70,D,D_SOD-123,219.86875,-110.33125,90,bottom
D71,D,D_SOD-123,239.7125,-110.33125,90,bottom
D72,D,D_SOD-123,266.7,-110.33125,90,bottom
D76,D,D_SOD-123,19.84375,-130.175,90,bottom
D77,D,D_SOD-123,44.45,-130.175,90,bottom
D78,D,D_SOD-123,69.05625,-130.175,90,bottom
D81,D,D_SOD-123,141.2875,-130.175,90,bottom
D85,D,D_SOD-123,211.1375,-130.175,90,bottom
D86,D,D_SOD-123,230.98125,-130.175,90,bottom
D87,D,D_SOD-123,250.825,-130.175,90,bottom
D88,D,D_SOD-123,278.60625,-134.9375,90,bottom
D89,D,D_SOD-123,298.45,-134.9375,90,bottom
D90,D,D_SOD-123,318.29375,-134.9375,90,bottom
F1,500m,Fuse_1206_3216Metric_Pad1.42x1.75mm_HandSolder,35.71875,-25.5,-90,bottom
J1,USB_C_Receptacle_USB2.0_14P,USB_C_Receptacle_HRO_TYPE-C-31-M-12,44.45,-11.1125,0,bottom
R1,5.1k,R_0805_2012Metric_Pad1.20x1.40mm_HandSolder,38.89375,-18.25625,180,bottom
R2,5.1k,R_0805_2012Metric_Pad1.20x1.40mm_HandSolder,48.625,-18.25625,180,bottom
R3,22,R_0805_2012Metric_Pad1.20x1.40mm_HandSolder,107.95,-113.50625,180,bottom
R4,22,R_0805_2012Metric_Pad1.20x1.40mm_HandSolder,107.95,-115.8875,180,bottom
R5,10k,R_0805_2012Metric_Pad1.20x1.40mm_HandSolder,158.75,-130.175,180,bottom
R6,10k,R_0805_2012Metric_Pad1.20x1.40mm_HandSolder,108.74375,-134.9375,180,bottom
U1,ATmega32U4-A,TQFP-44_10x10mm_P0.8mm,113.50625,-126.20625,-90,bottom
U2,SL2.1A,SO16,48.41875,-30.1625,-90,bottom
U3,~,SW_SPST_SKQG_WithStem,165.89375,-128.5875,0,bottom
Y1,Crystal_GND24_Small,Crystal_SMD_3225-4Pin_3.2x2.5mm_HandSoldering,125.4125,-126.20625,90,bottom
